Title,Keyword,keyword_key,Keyword ID,Position,Previous position,Last Seen,Search Volume,CPC,Traffic,Traffic (%),Traffic Cost,Traffic Cost (%),Competition,Number of Results,Keyword Difficulty
PMP® Exam & Certification | Flat 40% Off - Enroll Now,pmp certification,69,3,1.0,1,2024-12-31,90500,3.76,4253,100.0,15991,100.0,0.6,166000000,78.0
PMP® Exam & Certification | Confidently Ace The PMP Exam,pmp certification,69,3,1.0,1,2025-01-01,90500,3.76,4253,100.0,15991,100.0,0.6,172000000,78.0
PMP® Training & Exam | Special Offer: Get $400 Off,pmp certification,69,3,1.0,2,2025-01-14,90500,3.82,1176,100.0,4492,100.0,0.65,154000000,77.0
CSM Scrum Master Course Online | Today's Offer: Up To 51% Off,scrum master certification,106,1,1.0,1,2025-01-10,18100,3.21,850,100.0,2728,100.0,0.64,32000000,70.0
PMP® Certification | Ace PMP Exam in 1st Attempt,pmp certification,69,3,3.0,3,2025-01-07,90500,3.82,814,100.0,3109,100.0,0.65,165000000,78.0
ITIL® 4 Certification Course | 100% Money Back Guarantee,itil certification,45,4,1.0,1,2025-01-26,14800,2.33,695,100.0,1619,100.0,0.49,13700000,55.0
CSM Scrum Master Course Online | Today's Offer: Up To 51% Off,certified scrum master certification,19,1,1.0,1,2025-01-17,9900,3.21,465,100.0,1492,100.0,0.64,44200000,50.0
Scrum Alliance CSM® Training | Flash Sale: Enroll @ $270,csm certification,26,1,1.0,1,2024-12-28,9900,4.52,465,100.0,2101,100.0,0.43,51800000,57.0
PMP® Certification Course | Ace PMP Exam in 1st Attempt,pmp certification,69,3,6.0,0,2025-01-26,90500,3.82,452,100.0,1726,100.0,0.65,155000000,70.0
Simplilearn PMP® Course | Special Offer: Get $400 Off,simplilearn,125,99,1.0,1,2025-01-22,8100,2.31,380,100.0,877,100.0,0.14,4130000,52.0
Simplilearn® Courses | Online Certification Courses,simplilearn,125,99,1.0,1,2025-01-25,8100,2.31,380,100.0,877,100.0,0.14,4880000,48.0
PMP® Certification Course,pmp certification requirements,75,3,1.0,0,2025-01-26,6600,2.37,310,100.0,734,100.0,0.59,162000000,54.0
CSM Scrum Master Course Online - Limited-time Offer: $270 Only,certified scrum master,17,1,1.0,1,2025-01-07,5400,2.53,253,100.0,640,98.0,0.49,40200000,73.0
PMI Certified PMP® Training | Ace PMP Exam in 1st Attempt,pmi certification,64,99,1.0,1,2025-01-22,5400,3.35,253,100.0,847,100.0,0.59,48200000,45.0
PMP® Certification | Special Offer: Get $400 Off,project management certification,97,3,5.0,5,2024-12-31,49500,6.49,247,100.0,1603,100.0,0.68,978000000,76.0
Become a Certified ScrumMaster | Today's Offer: Up To 51% Off,scrum master certification,106,1,3.0,3,2025-01-04,18100,3.21,162,86.0,520,80.0,0.64,31900000,74.0
PMP® Certification | Confidently Ace The PMP Exam,project management professional certification,98,3,4.0,4,2024-12-31,18100,3.76,126,67.0,473,72.0,0.6,931000000,82.0
CAPM® Certification Training | Ace CAPM® Exam in 1st Attempt,capm certification,11,99,4.0,4,2025-01-25,14800,2.72,103,55.00000000000001,280,43.0,0.63,5790000,58.0
ITIL Certification Course - 100% Exam Pass Guarantee,itil certification,45,4,4.0,4,2025-01-26,14800,2.33,103,55.00000000000001,239,36.0,0.49,13700000,55.0
Simplilearn Post Graduate - Online Post Graduate Programs,post graduate program in digital marketing simpli learn purdue cost,96,99,1.0,1,2025-01-21,1900,0.0,89,47.0,0,0.0,0.0,68,30.0
PMP® Certification Course | Ace PMP Exam in 1st Attempt,pmp certification requirements,75,3,2.0,2,2025-01-14,6600,2.37,85,45.0,201,31.0,0.59,166000000,55.0
SAFe® Agilist Certification | Special Offer: Get $250 Off,safe certification,102,99,2.0,2,2025-01-24,6600,3.77,85,45.0,320,49.0,0.41,1400000000,48.0
PMP® Certification | Ace PMP Exam in 1st Attempt,pmp certifications,78,3,1.0,1,2025-01-19,1600,3.82,75,40.0,286,44.0,0.65,35300000,73.0
Simplilearn Online Bootcamps | Online Certification Courses,simplilearn login,137,99,1.0,1,2025-01-23,1600,1.31,75,40.0,98,15.0,0.13,64,57.0
CSM Scrum Master Course Online | Today's Offer: Up To 51% Off,smum master certification,150,99,1.0,1,2025-01-02,1600,0.0,75,40.0,0,0.0,0.0,16200000,68.0
CSM Scrum Master Course Online | Today's Offer: Up To 51% Off,certified scrum master,17,1,2.0,2,2024-12-30,5400,2.68,70,37.0,187,28.000000000000004,0.43,24600000,73.0
CSPO® Certification | Limited Offer: Enroll @ $270,cspo,29,99,2.0,2,2025-01-07,5400,4.09,70,37.0,286,44.0,0.41,8660000,44.0
PMP® Exam & Certification - Special Offer: Get $400 Off,pmp certification cost,71,3,5.0,5,2025-01-07,12100,2.59,60,32.0,155,23.0,0.33,112000000,46.0
PMP® Exam & Certification,pmp exam,82,3,3.0,0,2025-01-26,6600,2.6,59,31.0,153,23.0,0.39,21000000,60.0
CSPO® Certification | Special Offer: Flat $279 Off,cspo,29,99,3.0,3,2025-01-03,5400,4.09,48,25.0,196,30.0,0.41,8780000,44.0
Simplilearn® Courses - Online Certification Courses,simplelearn,115,99,1.0,1,2025-01-13,1000,2.31,47,25.0,108,16.0,0.14,4340000,56.0
Simplilearn® Courses - Online Certification Courses,simpli learn,118,99,1.0,1,2025-01-06,1000,2.31,47,25.0,108,16.0,0.14,4430000,66.0
Simplilearn® Courses | Online Certification Courses,simply learn,144,99,1.0,1,2025-01-06,1000,2.31,47,25.0,108,16.0,0.14,4350000,62.0
PMP® Exam & Certification | Confidently Ace The PMP Exam,pmp exam,82,3,4.0,4,2024-12-31,6600,2.17,46,24.0,99,15.0,0.36,24200000,68.0
PMP® Exam & Certification | Special Offer: Get $400 Off,pmp exam,82,3,4.0,4,2025-01-10,6600,2.6,46,24.0,119,18.0,0.39,20400000,63.0
PMP® Certification Course | Ace PMP Exam in 1st Attempt,pmp certification exam questions,73,3,1.0,1,2025-01-17,880,1.06,41,21.0,43,6.0,0.45,94000000,37.0
Simplilearn® Official Site | Online Courses,simplilearn americas,126,99,1.0,1,2024-12-31,720,1.88,33,17.0,62,9.0,0.16,775000,37.0
PMP® Exam & Certification | Ace PMP Exam in 1st Attempt,pmp exam cost,83,3,2.0,2,2025-01-15,2400,2.28,31,16.0,70,10.0,0.28,11400000,38.0
PMP® Exam & Certification | Flat 40% Off - Enroll Now,pmp exam cost,83,3,2.0,2,2025-01-22,2400,2.28,31,16.0,70,10.0,0.28,11600000,44.0
Simplilearn® Courses - Online Certification Courses,simplylearn,146,99,1.0,1,2025-01-17,590,2.31,27,14.000000000000002,62,9.0,0.14,0,80.0
TOGAF® Architect Certification | Enroll in TOGAF® Course Now,togaf certification,152,99,2.0,2,2025-01-20,1900,2.34,24,12.0,56,8.0,0.52,1440000,43.0
PMP® Certification - Flat 40% Off - Enroll Now,pmp exam fee,84,3,2.0,2,2024-12-27,1900,1.85,24,12.0,44,6.0,0.34,8680000,27.0
ITIL® 4 Certification Course | Accredited Course Curriculum,itil certifications,49,4,4.0,4,2025-01-25,2900,2.33,20,10.0,46,7.000000000000001,0.49,11300000,63.0
SAFe® Agilist Certification | Special Offer: Get $250 Off,scaled agile framework certification,104,99,4.0,4,2025-01-10,2900,3.77,20,10.0,75,11.0,0.41,5330000,57.0
Simplilearn® Courses - Online Certification Courses,simlilearn,111,99,1.0,1,2025-01-06,390,2.31,18,9.0,41,6.0,0.14,4380000,70.0
TOGAF® Architect Certification | Enroll in TOGAF® Course Now,togaf certified,156,99,1.0,1,2024-12-28,390,2.35,18,9.0,42,6.0,0.41,1460000,50.0
AWS Certification Course,amazon web service certification,3,99,2.0,2,2025-01-24,1300,1.74,16,8.0,27,4.0,0.34,318000000,97.0
PMP® Exam & Certification | Confidently Ace The PMP Exam,pmp practice exam free,88,3,1.0,1,2025-01-01,320,1.5,15,8.0,22,3.0,0.43,3230000,29.0
PMP® Exam & Certification | Ace PMP Exam in 1st Attempt,pmp study course,91,3,1.0,1,2025-01-24,320,8.96,15,8.0,134,20.0,0.19,35800000,58.0
SAFe® Agilist Certification | Limited Offer: Enroll @ $545,scaled agile framework certification,104,99,6.0,6,2025-01-10,2900,3.77,14,7.000000000000001,52,8.0,0.41,5330000,57.0
PMP® Certification Course | Ace PMP Exam in 1st Attempt,how to get pmp certification,35,3,4.0,4,2025-01-15,1900,3.92,13,6.0,50,7.000000000000001,0.69,39400000,46.0
TOGAF® Architect Certification | TOGAF® Free Exam Retake,togaf certification,152,99,4.0,4,2024-12-30,1900,2.35,13,6.0,30,4.0,0.41,1750000,45.0
Simplilearn® Courses,simply learn,144,99,2.0,2,2025-01-06,1000,2.31,13,6.0,30,4.0,0.14,4350000,62.0
Simplilearn® Courses,simplelern,116,99,1.0,1,2025-01-01,260,1.88,12,6.0,22,3.0,0.16,4570000,48.0
PMP® Certification Course | Ace PMP Exam in 1st Attempt,pmp course,80,3,5.0,5,2025-01-23,2400,7.22,12,6.0,86,13.0,0.69,71600000,70.0
Simplilearn® Official Site,login simplilearn,62,99,1.0,1,2025-01-08,260,1.31,12,6.0,15,2.0,0.13,1920000,45.0
PMP® Exam & Certification,pmp test,92,3,4.0,4,2025-01-22,1600,2.6,11,5.0,28,4.0,0.39,51700000,67.0
Simplilearn® Official Site,simplilern,142,99,1.0,1,2025-01-05,210,2.31,9,4.0,20,3.0,0.14,4330000,63.0
SAFe® Agilist Certification | Special Offer: Get $250 Off,scale agile certification,103,99,2.0,0,2025-01-26,720,3.77,9,4.0,33,5.0,0.41,37100000,44.0
AWS Certified Cloud Practioner | Special Offer Get Flat 43% Off,aws practitioner certification,4,2,3.0,0,2025-01-26,1000,1.5,9,4.0,13,2.0,0.41,29200000,78.0
TOGAF® Architect Certification - TOGAF® Free Exam Retake,togaf certification,152,99,6.0,6,2025-01-20,1900,2.34,9,4.0,21,3.0,0.52,1440000,43.0
PMP® Exam & Certification | Ace PMP Exam in 1st Attempt,pmi pmp certification,66,3,2.0,2,2025-01-13,720,3.98,9,4.0,35,5.0,0.57,8920000,70.0
TOGAF® Enterprise Architecture | Master TOGAF® Core Concepts,togaf training,158,99,1.0,1,2025-01-25,210,3.85,9,4.0,34,5.0,0.38,4160000,43.0
Simplilearn Online Bootcamps | Online Certification Courses,simpilearn,112,99,1.0,1,2025-01-22,170,2.31,7,3.0,16,2.0,0.14,4260000,49.0
Simplilearn® Courses,simplylearn,146,99,2.0,2,2025-01-01,590,1.88,7,3.0,13,2.0,0.16,4820000,47.0
Simplilearn Courses,simplilearning,139,99,1.0,1,2025-01-13,170,0.0,7,3.0,0,0.0,0.0,4240000,78.0
Certified Scrum Product Owner® | Limited Offer: Flat $279 Off,scrum master certification free,108,1,4.0,4,2025-01-06,1000,1.79,7,3.0,12,1.0,0.55,4570000,42.0
TOGAF® 10 Certification Course | Master TOGAF® Core Concepts,togaf certifications,155,99,1.0,1,2025-01-01,140,2.35,6,3.0,14,2.0,0.41,2880000,51.0
Simplilearn Online Bootcamps | Online Certification Courses,smplilearn,149,99,1.0,1,2025-01-22,140,2.31,6,3.0,13,2.0,0.14,4210000,49.0
Simplilearn® Courses | Online Certification Courses,simplileaern,122,99,1.0,1,2025-01-18,140,2.31,6,3.0,13,2.0,0.14,4480000,38.0
Simplilearn® Courses,simplileanr,123,99,1.0,1,2025-01-19,140,2.31,6,3.0,13,2.0,0.14,4340000,49.0
Become Certified Scrum Master | Flash Sale: Enroll @ $270,certified scrum certification,16,1,4.0,4,2025-01-10,880,3.01,6,3.0,18,2.0,0.56,6460000,73.0
Simplilearn® Official Site - Online Certification Courses,simpllearn,143,99,1.0,1,2025-01-15,140,2.31,6,3.0,13,2.0,0.14,4210000,54.0
PMP® Certification Course | Ace PMP Exam in 1st Attempt,pmp certification training,76,3,5.0,5,2025-01-24,1300,9.39,6,3.0,56,8.0,0.42,209000000,70.0
Simplilearn® Courses | Online Certification Courses,simplilarn,121,99,1.0,1,2024-12-31,110,1.88,5,2.0,9,1.0,0.16,4570000,44.0
PMP® Certification Course | Ace PMP Exam in 1st Attempt,project management professional prep course,99,3,3.0,3,2025-01-23,590,8.96,5,2.0,44,6.0,0.19,41600000,43.0
PMP® Training & Exam - Ace PMP Exam in 1st Attempt,pmp exam practice test,85,3,3.0,3,2025-01-26,590,2.08,5,2.0,10,1.0,0.52,5570000,32.0
PMP® Certification Training | Ace PMP Exam in 1st Attempt,how to prepare for pmp certification,37,3,1.0,1,2025-01-13,110,3.07,5,2.0,15,2.0,0.4,10200000,33.0
ITIL Foundations Course | 100% Exam Pass Guarantee,itil 4 foundation certification,41,4,2.0,2,2025-01-09,390,3.33,5,2.0,16,2.0,0.52,9890000,44.0
Simplilearn® Courses | Level Up Your Skills | Launch Your Career,simpli lear,117,99,1.0,1,2025-01-02,90,1.88,4,2.0,7,1.0,0.16,4460000,38.0
Simplilearn® Courses,simplilearn azure,128,99,1.0,1,2025-01-20,90,0.0,4,2.0,0,0.0,0.43,231000,36.0
Cloud Architect Certificate - Become a Cloud Architect,cloud architect certification,25,99,3.0,3,2025-01-22,480,6.39,4,2.0,25,3.0,0.4,63800000,77.0
PMP® Certification Training | Flat 40% Off - Enroll Now,cheap pmp certification,24,3,1.0,1,2025-01-18,90,5.98,4,2.0,23,3.0,0.46,40900000,25.0
CSPO® Certification Course | Limited Offer: Flat $279 Off,cspo training,30,99,3.0,3,2024-12-31,480,6.97,4,2.0,27,4.0,0.24,8690000,44.0
Simplilearn® Official Site,simplilearn log in,136,99,1.0,1,2025-01-20,90,1.31,4,2.0,5,0.0,0.13,61,19.0
Simplilearn ITIL 4 Training - Online Certification Courses,skillup by simplilearn,148,99,1.0,1,2024-12-31,90,4.47,4,2.0,17,2.0,0.31,55,49.0
CSM Scrum Master Course Online - Today's Offer: Up To 51% Off,certified scrum master class,20,1,2.0,2,2025-01-24,260,5.46,3,1.0,16,2.0,0.43,4450000,59.0
Simplilearn PMP® Course | Flat 40% Off - Enroll Now,similearn,110,99,1.0,1,2025-01-22,70,2.31,3,1.0,6,0.0,0.14,4210000,48.0
CSM Scrum Master Course Online | Today's Offer: Up To 51% Off,certified scrum master certificate,18,1,2.0,2,2025-01-22,260,3.21,3,1.0,9,1.0,0.64,13700000,64.0
PMP® Certification Course,how to get project management certification,36,3,3.0,3,2025-01-21,390,7.37,3,1.0,22,3.0,0.72,375000000,56.0
Simplilearn Courses | Online Courses,simplilearn courses,131,99,1.0,1,2025-01-09,70,6.31,3,1.0,18,2.0,0.38,3310000,52.0
CSM Scrum Master Course Online | Today's Offer: Up To 51% Off,certified scrum master course,21,1,3.0,3,2025-01-18,390,5.46,3,1.0,16,2.0,0.43,49100000,60.0
Product Owner (CSPO®) Course | Limited Offer: Flat $279 Off,a certified scrum product owner,1,1,1.0,1,2025-01-16,70,3.02,3,1.0,9,1.0,0.42,8800000,44.0
Master ITIL 4 Foundation - Clear ITIL Exam on 1st Attempt,itil foundation mock test,52,4,1.0,1,2025-01-24,70,1.8,3,1.0,5,0.0,0.26,277000,12.0
Simplilearn PMP® Course | Special Offer: Get $400 Off,siplilearn,147,99,1.0,1,2025-01-02,70,1.88,3,1.0,5,0.0,0.16,4790000,38.0
Simplilearn Online Bootcamps | Level Up Your Skills,simplielarn,119,99,1.0,1,2025-01-23,70,2.31,3,1.0,6,0.0,0.14,4260000,62.0
Simplilearn® Courses | Online Certification Courses,simplielearn,120,99,1.0,0,2025-01-26,70,2.31,3,1.0,6,0.0,0.14,4490000,58.0
Simplilearn Online Bootcamps | Online Certification Courses,simplilear,124,99,1.0,1,2025-01-02,70,1.88,3,1.0,5,0.0,0.16,4610000,68.0
Simplilearn® Official Site | Online Certification Courses,simply lern,145,99,1.0,1,2025-01-22,70,0.0,3,1.0,0,0.0,0.0,4130000,47.0
Master ITIL 4 Foundation - 100+ Premium Exam Questions,itil foundation mock exam,51,4,1.0,1,2024-12-31,70,2.67,3,1.0,8,1.0,0.28,313000,16.0
AWS Certified Cloud Practioner | Today's offer- Flat $300 Off,best aws learning tutorial,6,2,5.0,5,2025-01-23,720,0.0,3,1.0,0,0.0,0.0,45700000,47.0
Simplilearn Online Bootcamps | Online Certification Courses,simplilearns,140,99,1.0,1,2025-01-17,50,2.31,2,1.0,4,0.0,0.14,4410000,76.0
PMP® Certification Course | Flat 40% Off - Enroll Now,pmp certification courses online,72,3,3.0,3,2024-12-27,260,9.78,2,1.0,19,2.0,0.62,8930000,57.0
PMP® Certification | Flat 40% Off - Enroll Now,online pmp certification training,63,3,1.0,1,2024-12-27,50,11.09,2,1.0,22,3.0,0.48,7540000,57.0
CSM Scrum Master Course Online | Limited-time Offer: $270 Only,csm scrum master certification,28,1,2.0,2,2025-01-25,210,3.23,2,1.0,6,0.0,0.4,4620000,48.0
PMP® Training & Exam | Confidently Ace The PMP Exam,pmp prep classes,89,3,5.0,5,2025-01-01,590,10.08,2,1.0,20,3.0,0.55,490000,49.0
Simplilearn Online Bootcamps | Launch Your Career,simplilerarn,141,99,1.0,1,2025-01-06,50,2.31,2,1.0,4,0.0,0.14,4770000,39.0
PMP® Exam & Certification - Confidently Ace The PMP Exam,pmp test requirements,93,3,3.0,3,2025-01-01,260,1.67,2,1.0,3,0.0,0.31,64800000,47.0
ITIL Certification Cost - 100% Exam Pass Guarantee,itil 4 foundation exam cost,43,4,3.0,0,2025-01-26,320,2.48,2,1.0,4,0.0,0.47,1050000,24.0
Simplilearn® Courses,simple lern,113,99,1.0,1,2025-01-21,50,2.31,2,1.0,4,0.0,0.14,4340000,
CAPM® Exam Prep in 3 Weeks | Ace CAPM® Exam in 1st Attempt,capm course,12,99,6.0,0,2025-01-26,590,4.5,2,1.0,9,1.0,0.71,8770000,44.0
PMP® Certification Training | Flat 40% Off - Enroll Now,how much does it cost to do pmp-acp,34,3,4.0,4,2025-01-05,390,0.0,2,1.0,0,0.0,0.0,1910000,22.0
ITIL Certification Now - 4 Mock Tests | 30+ Quizzes,itil foundation test online,54,4,1.0,1,2025-01-04,30,3.34,1,0.0,3,0.0,0.6,797000,17.0
ITIL Certification Course | Clear ITIL Exam on 1st Attempt,itil certification course online,46,4,1.0,1,2025-01-22,40,6.05,1,0.0,6,0.0,0.24,4950000,32.0
PMP® Certification Training - Ace PMP Exam in 1st Attempt,pmp exam prep free,86,3,1.0,1,2025-01-24,40,2.59,1,0.0,2,0.0,0.63,2620000,30.0
Become CAPM® Ready in 3 Weeks | Ace CAPM® Exam in 1st...,certified associate in project management capm course,15,3,2.0,2,2025-01-21,110,6.11,1,0.0,6,0.0,0.75,328000,27.0
PMP® Exam & Certification | Ace PMP Exam in 1st Attempt,pmp certificaiton,68,3,2.0,2,2025-01-12,140,3.38,1,0.0,3,0.0,0.62,200000000,77.0
Simplilearn® Courses | Online Certification Courses,smplilearn,149,99,2.0,2,2025-01-22,140,2.31,1,0.0,2,0.0,0.14,4210000,49.0
Simplilearn® ITIL Programs | Online Certification Courses,simplilearn artificial intelligence engineer,127,99,1.0,1,2025-01-23,30,4.19,1,0.0,4,0.0,0.43,108000,33.0
ITIL Foundations Course | 100% Exam Pass Guarantee,itil foundation training,55,4,4.0,4,2025-01-14,170,6.12,1,0.0,6,0.0,0.42,8940000,36.0
PMP® Certification | Ace PMP Exam in 1st Attempt,certificado de gestion de proyectos,14,99,1.0,1,2025-01-13,40,7.08,1,0.0,7,1.0,0.53,80600000,18.0
TOGAF® Certification Price - TOGAF® Free Exam Retake,togaf certification training,154,99,2.0,2,2025-01-21,90,4.43,1,0.0,4,0.0,0.47,1050000,33.0
Simplilearn Online Bootcamps - Online Certification Courses,simplileaern,122,99,2.0,2,2025-01-18,140,2.31,1,0.0,2,0.0,0.14,4480000,38.0
ITIL Certification Course | 100% Exam Pass Guarantee,itil certification training,48,4,2.0,2,2025-01-22,140,5.19,1,0.0,5,0.0,0.49,11800000,54.0
Become a Certified ScrumMaster | Today's Offer: Up To 51%...,certified scrummaster csm,23,1,3.0,3,2025-01-18,140,3.23,1,0.0,3,0.0,0.4,4120000,60.0
TOGAF® Enterprise Architecture | Enroll in TOGAF® Course Now,udacity enterprise architecture,159,99,4.0,4,2025-01-06,260,0.0,1,0.0,0,0.0,0.0,131000,20.0
Simplilearn ITIL 4 Training | Online Certification Courses,simplilearn itil,135,4,1.0,1,2025-01-05,40,8.9,1,0.0,8,1.0,0.48,92100,41.0
Simplilearn® Official Site - Online Certification Courses,simplilearn.com,138,99,1.0,1,2025-01-15,40,2.44,1,0.0,2,0.0,0.18,4690000,77.0
Simplilearn® Training Programs | Get Certified. Get Ahead.,simplilearn cloud architect,130,99,1.0,1,2025-01-13,40,0.0,1,0.0,0,0.0,0.05,372000,34.0
ITIL Certification Course | Clear ITIL Exam on 1st Attempt,itl certification,59,99,1.0,1,2025-01-10,30,2.33,1,0.0,2,0.0,0.49,15500000,47.0
Simplilearn Online Bootcamps | Trusted by 3 Million+ Learners,simplearn,114,99,1.0,1,2025-01-21,30,2.31,1,0.0,2,0.0,0.14,4270000,44.0
Master ITIL 4 Foundation - Clear ITIL Exam on 1st Attempt,itil 4 foundation mock exam,44,4,1.0,1,2025-01-09,30,2.78,1,0.0,2,0.0,0.4,402000,15.0
PMP® Certification Course | Ace PMP Exam in 1st Attempt,pmp courses online free,81,3,1.0,1,2025-01-18,40,4.61,1,0.0,4,0.0,0.46,53900000,28.0
PMI Certified PMP® Training | Flat 40% Off - Enroll Now,pmi project management course,67,3,3.0,3,2024-12-28,210,4.57,1,0.0,4,0.0,0.48,25400000,62.0
Simplilearn® Courses | Online Certification Courses,simplilearn data science,132,99,2.0,2,2025-01-05,90,7.24,1,0.0,7,1.0,0.43,1630000,51.0
Become Certified Scrum Master | Today's Offer: Up To 51% Off,certified scrum master csm certification,22,1,3.0,3,2024-12-28,170,3.37,1,0.0,3,0.0,0.38,1910000,51.0
Simplilearn ITIL V4 | Online Certification Courses,simplilearn cissp,129,99,1.0,1,2025-01-05,30,5.91,1,0.0,5,0.0,0.63,46,37.0
CSM Scrum Master Course Online | Limited-time Offer: $270 Only,csm class,27,1,3.0,3,2025-01-12,140,3.62,1,0.0,3,0.0,0.09,69900000,42.0
Simplilearn Online Bootcamps | Online Certification Courses,simplilearn full stack developer,133,99,2.0,2,2025-01-12,110,7.51,1,0.0,7,1.0,0.7,333000,50.0
PMI Certified PMP® Training | Ace PMP Exam in 1st Attempt,pmp training pmi,95,3,3.0,3,2025-01-09,210,3.98,1,0.0,3,0.0,0.57,5580000,70.0
Simplilearn ITIL 4 Training - Level Up Your Skills,skillup by simplilearn,148,99,2.0,2,2024-12-31,90,4.47,1,0.0,4,0.0,0.31,55,49.0
Cloud Certification Course | Masters Certification in Cloud,caltech post graduate program in cloud computing,10,99,3.0,3,2024-12-31,40,15.02,0,0.0,0,0.0,0.47,79700,19.0
PMP® Certification Course | Flat 40% Off - Enroll Now,it project manager certification,40,99,5.0,5,2024-12-29,140,7.25,0,0.0,0,0.0,0.51,262000000,45.0
PMP® Exam & Certification | Confidently Ace The PMP Exam,pmi exam prep,65,99,4.0,4,2024-12-31,140,5.36,0,0.0,0,0.0,0.66,5700000,56.0
PMP® Certification | Confidently Ace The PMP Exam,best course for pmp,7,3,4.0,4,2024-12-31,30,10.26,0,0.0,0,0.0,0.24,15600000,39.0
ITIL Certification Course | 100% Exam Pass Guarantee,itil certification online,47,4,3.0,3,2025-01-03,110,3.55,0,0.0,0,0.0,0.3,3810000,40.0
ITIL Foundations Course | 100% Exam Pass Guarantee,itil online certification,57,4,2.0,2,2024-12-31,30,4.0,0,0.0,0,0.0,0.29,11600000,35.0
No Cost & No Hidden Fees - AWS Certification Course,best platform to learn aws,8,2,4.0,0,2025-01-26,110,0.0,0,0.0,0,0.0,0.26,149000000,38.0
PMP® Certification Course | Confidently Ace The PMP Exam,pmp certification what is it,77,3,4.0,4,2025-01-01,70,2.08,0,0.0,0,0.0,0.28,143000000,49.0
CAPM® Certification Training | Ace CAPM® Exam in 1st...,certified associate in project management capm course,15,3,5.0,5,2025-01-21,110,6.11,0,0.0,0,0.0,0.75,328000,27.0
PMP® Course | Confidently Ace The PMP Exam,best pmp prep course,9,3,6.0,6,2024-12-31,170,8.4,0,0.0,0,0.0,0.52,1260000,32.0
ITIL Certification Course | 100% Exam Pass Guarantee,itil classes online,50,4,3.0,3,2025-01-21,70,6.05,0,0.0,0,0.0,0.24,716000,33.0
Simplilearn® Courses | Online Certification Courses,simplilearn artificial intelligence engineer,127,99,4.0,4,2024-12-27,30,9.33,0,0.0,0,0.0,0.95,149000,24.0
Simplilearn TOGAF - Online Certification Courses,simplilearn artificial intelligence engineer,127,99,6.0,6,2025-01-23,30,4.19,0,0.0,0,0.0,0.43,108000,33.0
ITIL Foundations Course | 100% Exam Pass Guarantee,learning tree itil 4 foundation,61,4,3.0,3,2024-12-31,40,2.53,0,0.0,0,0.0,0.26,235000,8.0
PMP® Training Course | Confidently Ace The PMP Exam,purdue project management essentials,100,3,2.0,2,2025-01-01,30,5.11,0,0.0,0,0.0,0.15,186000,34.0
Project Management Training,purdue project management essentials,100,3,5.0,5,2025-01-01,30,5.11,0,0.0,0,0.0,0.15,186000,34.0
TOGAF® Enterprise Architecture | Enroll in TOGAF® Course Now,it architect certification program,39,99,4.0,4,2025-01-22,110,3.68,0,0.0,0,0.0,0.22,41700000,31.0
TOGAF® 10 Certification Course | Enroll in TOGAF® Course Now,togaf course online,157,99,2.0,2,2025-01-03,40,4.94,0,0.0,0,0.0,0.4,313000,21.0
AWS Solution Architect Course | Get AWS Associate Certificate,aws solutions architect-associate,5,2,4.0,4,2025-01-05,70,3.86,0,0.0,0,0.0,0.25,11000000,61.0
CSM Scrum Master Course Online - Today's Offer: Up To 51% Off,get certified scrum master,33,1,3.0,3,2025-01-24,40,4.15,0,0.0,0,0.0,0.79,15000000,47.0
Online AWS CPE Course | Special Offer Get Flat 43% Off,devops certification course,31,2,4.0,4,2024-12-31,50,7.78,0,0.0,0,0.0,0.46,51200000,60.0
CSM Scrum Master Course Online | Today's Offer: Up To 51% Off,scrum master certification course,107,1,4.0,4,2025-01-24,140,5.46,0,0.0,0,0.0,0.43,13800000,62.0
PMP® Exam & Certification | Flat 40% Off - Enroll Now,pmp training and certification cost,94,3,4.0,4,2025-01-06,50,2.59,0,0.0,0,0.0,0.33,6630000,37.0
Leading SAFe® 6 Certification | Special Offer: Get $250 Off,safe 6.0 certification,101,99,4.0,4,2025-01-22,70,4.43,0,0.0,0,0.0,0.57,332000000,38.0
PMP® Exam & Certification,pmp registered,90,3,2.0,2,2025-01-21,40,5.31,0,0.0,0,0.0,0.26,51600000,56.0
PMP® Exam & Certification | Flat 40% Off - Enroll Now,pmp registered,90,3,5.0,5,2025-01-21,40,5.31,0,0.0,0,0.0,0.26,51600000,56.0
PMP® Exam & Certification | Ace PMP Exam in 1st Attempt,how to register for pmp exam,38,3,2.0,2,2025-01-15,70,3.18,0,0.0,0,0.0,0.45,19900000,18.0
CSM Scrum Master Course Online - Today's Offer: Up To 51% Off,srum master certification,151,99,4.0,4,2024-12-31,40,3.4,0,0.0,0,0.0,0.56,32400000,64.0
SAFe® Agile Training & Exam | Special Offer: Get $250 Off,scrum safe certification,109,1,3.0,3,2025-01-26,30,3.86,0,0.0,0,0.0,0.51,7270000,27.0
PMP® Course | Confidently Ace The PMP Exam,pmp free course,87,3,3.0,3,2025-01-01,110,4.18,0,0.0,0,0.0,0.57,48300000,35.0
PMP® Certification Course,how to prepare for pmp certification,37,3,5.0,5,2025-01-13,110,3.07,0,0.0,0,0.0,0.4,10200000,33.0
PMP® Exam & Certification | Flat 40% Off - Enroll Now,what is the cost of pmp exam,160,3,4.0,4,2025-01-24,40,2.18,0,0.0,0,0.0,0.4,4420000,34.0
Master ITIL 4 Foundation | 100% Exam Pass Guarantee,itil 4 foundation course,42,4,3.0,3,2025-01-23,70,4.7,0,0.0,0,0.0,0.35,6040000,46.0
PMP® Certification Course | Flat 40% Off - Enroll Now,pmp certification online course,74,3,6.0,6,2024-12-27,170,9.78,0,0.0,0,0.0,0.62,35200000,59.0
Master ITIL 4 Foundation | 100% Exam Pass Guarantee,itilv4 foundation,58,4,3.0,3,2024-12-28,30,3.54,0,0.0,0,0.0,0.43,1190000,35.0
ITIL Foundations Course | Clear ITIL Exam on 1st Attempt,itil foundations training,56,4,3.0,3,2024-12-31,40,6.34,0,0.0,0,0.0,0.38,11500000,32.0
Simplilearn PMP® Course - Limited Offer: Get $400 Off,siplilearn,147,99,2.0,2,2025-01-02,70,1.88,0,0.0,0,0.0,0.16,4790000,38.0
CSPO® Certification - Special Offer: Flat $279 Off,knowledgehut cspo,60,99,2.0,2,2024-12-31,30,46.86,0,0.0,0,0.0,0.23,54,14.0
Become CAPM® Ready in 3 Weeks | Ace CAPM® Exam in 1st...,capm training classes,13,99,2.0,2,2025-01-16,70,5.62,0,0.0,0,0.0,0.4,952000,39.0
Become Certified Scrum Master | Limited-time Offer: $270 Only,agile certified scrum master,2,1,3.0,3,2024-12-31,90,3.19,0,0.0,0,0.0,0.51,16100000,67.0
Simplilearn Online Bootcamps | Online Certification Courses,simplilearn generative ai,134,99,3.0,3,2025-01-05,30,7.87,0,0.0,0,0.0,0.85,568000,41.0
PMP® Exam & Certification | Special Offer: Get $400 Off,pmp certificering,79,3,6.0,6,2024-12-31,30,3.77,0,0.0,0,0.0,0.19,29700,66.0
PMP® Exam & Certification - Flat 40% Off - Enroll Now,pmp certification 35 hours online training,70,3,4.0,4,2024-12-31,40,7.75,0,0.0,0,0.0,0.61,28500000,31.0
Certified Scrum Product Owner® | Limited Offer: Flat $279 Off,scrum alliance csm certification cost,105,1,4.0,4,2025-01-16,90,2.62,0,0.0,0,0.0,0.39,512000,47.0
PMP® Certification Course,duration of pmp course,32,3,2.0,2,2025-01-22,50,2.61,0,0.0,0,0.0,0.24,21900000,46.0
TOGAF® Certification Exam Cost | TOGAF® Free Exam Retake,togaf certification price,153,99,4.0,4,2025-01-13,30,1.94,0,0.0,0,0.0,0.3,384000,24.0
Master ITIL 4 Foundation - 100% Exam Pass Guarantee,itil foundation test,53,4,2.0,2,2025-01-23,50,2.49,0,0.0,0,0.0,0.53,4550000,30.0
